类别,条目,详情,来源
跨类型冲突,《京都议定书》,协议名 | 文件名,relatio字典2025-02-19.txt | 新字典.txt | 新字典2024-04-19-10-00.txt | 新字典2024-04-19.txt
跨类型冲突,《哥本哈根协议》,协议名 | 文件名,relatio字典2025-02-19.txt | 新字典.txt | 新字典2024-04-19-10-00.txt | 新字典2024-04-19.txt
跨类型冲突,《巴塞尔公约》,协议名 | 文件名,relatio字典2025-02-19.txt | 新字典.txt | 新字典2024-04-19-10-00.txt | 新字典2024-04-19.txt
跨类型冲突,《巴黎协定》,协议名 | 文件名,relatio字典2025-02-19.txt | 新字典.txt | 新字典2024-04-19-10-00.txt | 新字典2024-04-19.txt
跨类型冲突,《生物多样性公约》第十五次缔约方大会,会议名 | 生态名,新字典.txt | 新字典2024-04-19-10-00.txt | 新字典2024-04-19.txt | 新字典2024-04-19_副本.txt
跨类型冲突,《联合国宪章》,协议名 | 文件名,新字典.txt | 新字典2024-04-19-10-00.txt | 新字典2024-04-19.txt | 新字典2024-04-19_副本.txt
跨类型冲突,《联合国气候变化框架公约》,协议名 | 文件名,relatio字典2025-02-19.txt | 新字典.txt | 新字典2024-04-19-10-00.txt | 新字典2024-04-19.txt
跨类型冲突,《联合国气候行动峰会：中方的立场和行动》,文件名 | 气候变化名,新字典.txt | 新字典2024-04-19-10-00.txt | 新字典2024-04-19.txt | 新字典2024-04-19_副本.txt
跨类型冲突,一个中国原则,外交与国际关系名 | 治理名,新字典.txt | 新字典2024-04-19-10-00.txt | 新字典2024-04-19.txt | 新字典2024-04-19_副本.txt
跨类型冲突,一道携手,外交与国际关系名 | 话语名,新字典.txt | 新字典2024-04-19-10-00.txt | 新字典2024-04-19.txt | 新字典2024-04-19_副本.txt
跨类型冲突,不可推卸的历史责任,气候变化名 | 责任话语名,新字典.txt | 新字典2024-04-19-10-00.txt | 新字典2024-04-19.txt | 新字典2024-04-19_副本.txt
跨类型冲突,不可推卸的责任,责任名 | 责任话语名,新字典.txt | 新字典2024-04-19-10-00.txt | 新字典2024-04-19.txt | 新字典2024-04-19_副本.txt
跨类型冲突,不同责任,责任名 | 责任话语名,relatio字典2025-02-19.txt | 新字典.txt | 新字典2024-04-19-10-00.txt | 新字典2024-04-19.txt
跨类型冲突,不折不扣予以落实,行动话语名 | 责任名,新字典.txt | 新字典2024-04-19-10-00.txt | 新字典2024-04-19.txt | 新字典2024-04-19_副本.txt
跨类型冲突,不负责任,责任名 | 责任话语名,relatio字典2025-02-19.txt | 新字典.txt | 新字典2024-04-19-10-00.txt | 新字典2024-04-19.txt
跨类型冲突,两国人民,其他名 | 外交与国际关系名,新字典.txt | 新字典2024-04-19-10-00.txt | 新字典2024-04-19.txt | 新字典2024-04-19_副本.txt
跨类型冲突,两岸舆论宣传话语权,外交与国际关系名 | 话语名,新字典.txt | 新字典2024-04-19-10-00.txt | 新字典2024-04-19.txt | 新字典2024-04-19_副本.txt
跨类型冲突,严正交涉,外交与国际关系名 | 话语名,新字典.txt | 新字典2024-04-19-10-00.txt | 新字典2024-04-19.txt | 新字典2024-04-19_副本.txt
跨类型冲突,中国—中东欧国家林业合作高级别会议,会议名 | 治理名,新字典.txt | 新字典2024-04-19-10-00.txt | 新字典2024-04-19.txt | 新字典2024-04-19_副本.txt
跨类型冲突,中国人民,势力名 | 治理名,relatio字典2025-02-19.txt | 新字典.txt | 新字典2024-04-19-10-00.txt | 新字典2024-04-19.txt
跨类型冲突,中国共产党执政话语体系研究,外交与国际关系名 | 话语名,新字典.txt | 新字典2024-04-19-10-00.txt | 新字典2024-04-19.txt | 新字典2024-04-19_副本.txt
跨类型冲突,中国叙事体系研究,外交与国际关系名 | 话语名,新字典.txt | 新字典2024-04-19-10-00.txt | 新字典2024-04-19.txt | 新字典2024-04-19_副本.txt
跨类型冲突,中国担当,责任名 | 责任话语名,新字典.txt | 新字典2024-04-19-10-00.txt | 新字典2024-04-19.txt | 新字典2024-04-19_副本.txt
跨类型冲突,中国日报,其他名 | 记者话语名,新字典.txt | 新字典2024-04-19-10-00.txt | 新字典2024-04-19.txt | 新字典2024-04-19_副本.txt
跨类型冲突,中国民主话语,外交与国际关系名 | 话语名,新字典.txt | 新字典2024-04-19-10-00.txt | 新字典2024-04-19.txt | 新字典2024-04-19_副本.txt
跨类型冲突,中国特色体育学学科体系,外交与国际关系名 | 话语名,新字典.txt | 新字典2024-04-19-10-00.txt | 新字典2024-04-19.txt | 新字典2024-04-19_副本.txt
跨类型冲突,中国特色大国外交,外交与国际关系名 | 话语名,新字典.txt | 新字典2024-04-19-10-00.txt | 新字典2024-04-19.txt | 新字典2024-04-19_副本.txt
跨类型冲突,中国特色社会主义国际话语权,外交与国际关系名 | 话语名,新字典.txt | 新字典2024-04-19-10-00.txt | 新字典2024-04-19.txt | 新字典2024-04-19_副本.txt
跨类型冲突,中国话语,外交与国际关系名 | 话语名,新字典.txt | 新字典2024-04-19-10-00.txt | 新字典2024-04-19.txt | 新字典2024-04-19_副本.txt
跨类型冲突,中方反对,外交与国际关系名 | 话语名,新字典.txt | 新字典2024-04-19-10-00.txt | 新字典2024-04-19.txt | 新字典2024-04-19_副本.txt
跨类型冲突,中方坚定支持,健康名 | 外交与国际关系名 | 话语名,新字典.txt | 新字典2024-04-19-10-00.txt | 新字典2024-04-19.txt | 新字典2024-04-19_副本.txt
跨类型冲突,中方始终,健康名 | 外交与国际关系名 | 话语名,新字典.txt | 新字典2024-04-19-10-00.txt | 新字典2024-04-19.txt | 新字典2024-04-19_副本.txt
跨类型冲突,中方对此有何回应,其他名 | 记者话语名,新字典.txt | 新字典2024-04-19-10-00.txt | 新字典2024-04-19.txt | 新字典2024-04-19_副本.txt
跨类型冲突,中方对此有何评论,其他名 | 记者话语名,新字典.txt | 新字典2024-04-19-10-00.txt | 新字典2024-04-19.txt | 新字典2024-04-19_副本.txt
跨类型冲突,中方希望,健康名 | 外交与国际关系名 | 话语名,新字典.txt | 新字典2024-04-19-10-00.txt | 新字典2024-04-19.txt | 新字典2024-04-19_副本.txt
跨类型冲突,中方支持,健康名 | 外交与国际关系名 | 话语名,新字典.txt | 新字典2024-04-19-10-00.txt | 新字典2024-04-19.txt | 新字典2024-04-19_副本.txt
跨类型冲突,中方珍视,健康名 | 外交与国际关系名 | 话语名,新字典.txt | 新字典2024-04-19-10-00.txt | 新字典2024-04-19.txt | 新字典2024-04-19_副本.txt
跨类型冲突,中方秉持,健康名 | 外交与国际关系名 | 话语名,新字典.txt | 新字典2024-04-19-10-00.txt | 新字典2024-04-19.txt | 新字典2024-04-19_副本.txt
跨类型冲突,中方鼓励,健康名 | 外交与国际关系名 | 话语名,新字典.txt | 新字典2024-04-19-10-00.txt | 新字典2024-04-19.txt | 新字典2024-04-19_副本.txt
跨类型冲突,中日关系,其他名 | 外交与国际关系名,新字典.txt | 新字典2024-04-19-10-00.txt | 新字典2024-04-19.txt | 新字典2024-04-19_副本.txt
跨类型冲突,中欧关系,关系名 | 外交与国际关系名,新字典.txt | 新字典2024-04-19-10-00.txt | 新字典2024-04-19.txt | 新字典2024-04-19_副本.txt
跨类型冲突,中法关系,其他名 | 外交与国际关系名,新字典.txt | 新字典2024-04-19-10-00.txt | 新字典2024-04-19.txt | 新字典2024-04-19_副本.txt
跨类型冲突,中美,关系名 | 外交与国际关系名,新字典.txt | 新字典2024-04-19-10-00.txt | 新字典2024-04-19.txt | 新字典2024-04-19_副本.txt
跨类型冲突,中美三个联合公报,协议名 | 文件名,relatio字典2025-02-19.txt | 新字典.txt | 新字典2024-04-19-10-00.txt | 新字典2024-04-19.txt
跨类型冲突,主要的责任,责任名 | 责任话语名,新字典.txt | 新字典2024-04-19-10-00.txt | 新字典2024-04-19.txt | 新字典2024-04-19_副本.txt
跨类型冲突,主责主业,责任名 | 责任话语名,新字典.txt | 新字典2024-04-19-10-00.txt | 新字典2024-04-19.txt | 新字典2024-04-19_副本.txt
跨类型冲突,事实证明,其他名 | 外交与国际关系名,新字典.txt | 新字典2024-04-19-10-00.txt | 新字典2024-04-19.txt | 新字典2024-04-19_副本.txt
跨类型冲突,互联互通,外交与国际关系名 | 治理名,新字典.txt | 新字典2024-04-19-10-00.txt | 新字典2024-04-19.txt | 新字典2024-04-19_副本.txt
跨类型冲突,亚太清洁发展与气候伙伴计划,协议名 | 文件名,relatio字典2025-02-19.txt | 新字典.txt | 新字典2024-04-19-10-00.txt | 新字典2024-04-19.txt
跨类型冲突,亚太清洁发展与气候新伙伴计划,协议名 | 文件名,relatio字典2025-02-19.txt | 新字典.txt | 新字典2024-04-19-10-00.txt | 新字典2024-04-19.txt
跨类型冲突,交换意见,其他名 | 合作话语名,新字典.txt | 新字典2024-04-19-10-00.txt | 新字典2024-04-19.txt | 新字典2024-04-19_副本.txt
跨类型冲突,交流合作,健康名 | 合作话语名 | 话语名,新字典.txt | 新字典2024-04-19-10-00.txt | 新字典2024-04-19.txt | 新字典2024-04-19_副本.txt
跨类型冲突,交通运输,应急管理名 | 资源名,新字典.txt | 新字典2024-04-19-10-00.txt | 新字典2024-04-19.txt | 新字典2024-04-19_副本.txt
跨类型冲突,产业链供应链,应急管理名 | 治理名,新字典.txt | 新字典2024-04-19-10-00.txt | 新字典2024-04-19.txt | 新字典2024-04-19_副本.txt
跨类型冲突,产业链供应链韧性,应急管理名 | 治理名,新字典.txt | 新字典2024-04-19-10-00.txt | 新字典2024-04-19.txt | 新字典2024-04-19_副本.txt
跨类型冲突,人均排放,气候变化名 | 治理名,新字典.txt | 新字典2024-04-19-10-00.txt | 新字典2024-04-19.txt | 新字典2024-04-19_副本.txt
跨类型冲突,人居环境,其他名 | 资源名,新字典.txt | 新字典2024-04-19-10-00.txt | 新字典2024-04-19.txt | 新字典2024-04-19_副本.txt
跨类型冲突,人民安全,应急管理名 | 治理名,新字典.txt | 新字典2024-04-19-10-00.txt | 新字典2024-04-19.txt | 新字典2024-04-19_副本.txt
跨类型冲突,人民生活,应急管理名 | 治理名,新字典.txt | 新字典2024-04-19-10-00.txt | 新字典2024-04-19.txt | 新字典2024-04-19_副本.txt
跨类型冲突,以互信为基础,外交与国际关系名 | 话语名,新字典.txt | 新字典2024-04-19-10-00.txt | 新字典2024-04-19.txt | 新字典2024-04-19_副本.txt
跨类型冲突,以互利为前提,外交与国际关系名 | 话语名,新字典.txt | 新字典2024-04-19-10-00.txt | 新字典2024-04-19.txt | 新字典2024-04-19_副本.txt
跨类型冲突,以国际法为基础,外交与国际关系名 | 话语名,新字典.txt | 新字典2024-04-19-10-00.txt | 新字典2024-04-19.txt | 新字典2024-04-19_副本.txt
跨类型冲突,以良好的双边关系氛围为必要条件,外交与国际关系名 | 话语名,新字典.txt | 新字典2024-04-19-10-00.txt | 新字典2024-04-19.txt | 新字典2024-04-19_副本.txt
跨类型冲突,以规则为基础,外交与国际关系名 | 话语名,新字典.txt | 新字典2024-04-19-10-00.txt | 新字典2024-04-19.txt | 新字典2024-04-19_副本.txt
跨类型冲突,企业主体责任,责任名 | 责任话语名,新字典.txt | 新字典2024-04-19-10-00.txt | 新字典2024-04-19.txt | 新字典2024-04-19_副本.txt
跨类型冲突,低排放,气候变化名 | 治理名,新字典.txt | 新字典2024-04-19-10-00.txt | 新字典2024-04-19.txt | 新字典2024-04-19_副本.txt
跨类型冲突,低碳转型,气候变化名 | 治理名,新字典.txt | 新字典2024-04-19-10-00.txt | 新字典2024-04-19.txt | 新字典2024-04-19_副本.txt
跨类型冲突,依法治污,生态理念名 | 资源名,新字典.txt | 新字典2024-04-19-10-00.txt | 新字典2024-04-19.txt | 新字典2024-04-19_副本.txt
跨类型冲突,俄罗斯,国家名 | 外交与国际关系名,新字典.txt | 新字典2024-04-19-10-00.txt | 新字典2024-04-19.txt | 新字典2024-04-19_副本.txt
跨类型冲突,俄罗斯外长拉夫罗夫,人名 | 职务名,新字典.txt | 新字典2024-04-19-10-00.txt | 新字典2024-04-19.txt | 新字典2024-04-19_副本.txt
跨类型冲突,保护优先,生态理念名 | 资源名,新字典.txt | 新字典2024-04-19-10-00.txt | 新字典2024-04-19.txt | 新字典2024-04-19_副本.txt
跨类型冲突,保障能力,应急管理名 | 治理名,新字典.txt | 新字典2024-04-19-10-00.txt | 新字典2024-04-19.txt | 新字典2024-04-19_副本.txt
跨类型冲突,信息技术,应急管理名 | 资源名,新字典.txt | 新字典2024-04-19-10-00.txt | 新字典2024-04-19.txt | 新字典2024-04-19_副本.txt
跨类型冲突,信访工作,应急管理名 | 治理名,新字典.txt | 新字典2024-04-19-10-00.txt | 新字典2024-04-19.txt | 新字典2024-04-19_副本.txt
跨类型冲突,党中央,应急管理名 | 治理名,新字典.txt | 新字典2024-04-19-10-00.txt | 新字典2024-04-19.txt | 新字典2024-04-19_副本.txt
跨类型冲突,党建话语,外交与国际关系名 | 话语名,新字典.txt | 新字典2024-04-19-10-00.txt | 新字典2024-04-19.txt | 新字典2024-04-19_副本.txt
跨类型冲突,全民共治,应急管理名 | 资源名,新字典.txt | 新字典2024-04-19-10-00.txt | 新字典2024-04-19.txt | 新字典2024-04-19_副本.txt
跨类型冲突,全球发展倡议,协议名 | 外交与国际关系名,新字典.txt | 新字典2024-04-19-10-00.txt | 新字典2024-04-19.txt | 新字典2024-04-19_副本.txt
跨类型冲突,全球合作,合作话语名 | 治理名,新字典.txt | 新字典2024-04-19-10-00.txt | 新字典2024-04-19.txt | 新字典2024-04-19_副本.txt
跨类型冲突,全球性问题,外交与国际关系名 | 治理名,新字典.txt | 新字典2024-04-19-10-00.txt | 新字典2024-04-19.txt | 新字典2024-04-19_副本.txt
跨类型冲突,全球环境基金,机构名 | 资源名,新字典.txt | 新字典2024-04-19-10-00.txt | 新字典2024-04-19.txt | 新字典2024-04-19_副本.txt
跨类型冲突,全球生态安全,生态名 | 资源名,新字典.txt | 新字典2024-04-19-10-00.txt | 新字典2024-04-19.txt | 新字典2024-04-19_副本.txt
跨类型冲突,全球科学研究,其他名 | 气候变化名,新字典.txt | 新字典2024-04-19-10-00.txt | 新字典2024-04-19.txt | 新字典2024-04-19_副本.txt
跨类型冲突,全链条全领域监管,责任名 | 责任话语名,新字典.txt | 新字典2024-04-19-10-00.txt | 新字典2024-04-19.txt | 新字典2024-04-19_副本.txt
跨类型冲突,全面加强,健康名 | 应急管理名,新字典.txt | 新字典2024-04-19-10-00.txt | 新字典2024-04-19.txt | 新字典2024-04-19_副本.txt
跨类型冲突,全面节约资源,生态理念名 | 资源名,relatio字典2025-02-19.txt | 新字典.txt | 新字典2024-04-19-10-00.txt | 新字典2024-04-19.txt
跨类型冲突,八国集团,其他名 | 势力名,新字典.txt | 新字典2024-04-19-10-00.txt | 新字典2024-04-19.txt | 新字典2024-04-19_副本.txt
跨类型冲突,公共卫生,应急管理名 | 资源名,新字典.txt | 新字典2024-04-19-10-00.txt | 新字典2024-04-19.txt | 新字典2024-04-19_副本.txt
跨类型冲突,共同但有区别的责任,责任名 | 责任话语名,relatio字典2025-02-19.txt | 新字典.txt | 新字典2024-04-19-10-00.txt | 新字典2024-04-19.txt
跨类型冲突,共同努力,其他名 | 合作话语名,新字典.txt | 新字典2024-04-19-10-00.txt | 新字典2024-04-19.txt | 新字典2024-04-19_副本.txt
跨类型冲突,共同维护,合作话语名 | 话语名,新字典.txt | 新字典2024-04-19-10-00.txt | 新字典2024-04-19.txt | 新字典2024-04-19_副本.txt
跨类型冲突,共同行动,外交与国际关系名 | 气候变化名,新字典.txt | 新字典2024-04-19-10-00.txt | 新字典2024-04-19.txt | 新字典2024-04-19_副本.txt
跨类型冲突,共同责任,责任名 | 责任话语名,relatio字典2025-02-19.txt | 新字典.txt | 新字典2024-04-19-10-00.txt | 新字典2024-04-19.txt
跨类型冲突,关键环节,其他名 | 治理名,新字典.txt | 新字典2024-04-19-10-00.txt | 新字典2024-04-19.txt | 新字典2024-04-19_副本.txt
跨类型冲突,关键贡献,外交与国际关系名 | 话语名,新字典.txt | 新字典2024-04-19-10-00.txt | 新字典2024-04-19.txt | 新字典2024-04-19_副本.txt
跨类型冲突,具体举措,其他名 | 行动话语名 | 记者话语名,新字典.txt | 新字典2024-04-19-10-00.txt | 新字典2024-04-19.txt | 新字典2024-04-19_副本.txt
跨类型冲突,具体情况,其他名 | 记者话语名,新字典.txt | 新字典2024-04-19-10-00.txt | 新字典2024-04-19.txt | 新字典2024-04-19_副本.txt
跨类型冲突,具体措施,其他名 | 行动话语名 | 记者话语名,新字典.txt | 新字典2024-04-19-10-00.txt | 新字典2024-04-19.txt | 新字典2024-04-19_副本.txt
跨类型冲突,军队现代化,应急管理名 | 治理名,新字典.txt | 新字典2024-04-19-10-00.txt | 新字典2024-04-19.txt | 新字典2024-04-19_副本.txt
跨类型冲突,农业生产,治理名 | 资源名,新字典.txt | 新字典2024-04-19-10-00.txt | 新字典2024-04-19.txt | 新字典2024-04-19_副本.txt
跨类型冲突,冷战思维,外交与国际关系名 | 治理名,新字典.txt | 新字典2024-04-19-10-00.txt | 新字典2024-04-19.txt | 新字典2024-04-19_副本.txt
跨类型冲突,减排义务,责任名 | 责任话语名,新字典.txt | 新字典2024-04-19-10-00.txt | 新字典2024-04-19.txt | 新字典2024-04-19_副本.txt
跨类型冲突,减排承诺,气候变化名 | 资源名,新字典.txt | 新字典2024-04-19-10-00.txt | 新字典2024-04-19.txt | 新字典2024-04-19_副本.txt
跨类型冲突,减排标准,气候变化名 | 治理名,新字典.txt | 新字典2024-04-19-10-00.txt | 新字典2024-04-19.txt | 新字典2024-04-19_副本.txt
跨类型冲突,减排鸿沟,气候变化名 | 治理名,新字典.txt | 新字典2024-04-19-10-00.txt | 新字典2024-04-19.txt | 新字典2024-04-19_副本.txt
跨类型冲突,减缓与适应并重,气候变化名 | 治理名,relatio字典2025-02-19.txt | 新字典.txt | 新字典2024-04-19-10-00.txt | 新字典2024-04-19.txt
跨类型冲突,减缓气候变化,气候变化名 | 治理名,relatio字典2025-02-19.txt | 新字典.txt | 新字典2024-04-19-10-00.txt | 新字典2024-04-19.txt
跨类型冲突,减缓行动,气候变化名 | 治理名,relatio字典2025-02-19.txt | 新字典.txt | 新字典2024-04-19-10-00.txt | 新字典2024-04-19.txt
跨类型冲突,凝聚力,公共关系学名 | 其他名,新字典.txt | 新字典2024-04-19-10-00.txt | 新字典2024-04-19.txt | 新字典2024-04-19_副本.txt
跨类型冲突,切实履行,其他名 | 行动话语名,新字典.txt | 新字典2024-04-19-10-00.txt | 新字典2024-04-19.txt | 新字典2024-04-19_副本.txt
跨类型冲突,切实措施,行动话语名 | 话语名,新字典.txt | 新字典2024-04-19-10-00.txt | 新字典2024-04-19.txt | 新字典2024-04-19_副本.txt
跨类型冲突,创新、协调、绿色、开放、共享,气候变化名 | 生态理念名,relatio字典2025-02-19.txt | 新字典.txt | 新字典2024-04-19-10-00.txt | 新字典2024-04-19.txt
跨类型冲突,创新监管方法,责任名 | 责任话语名,新字典.txt | 新字典2024-04-19-10-00.txt | 新字典2024-04-19.txt | 新字典2024-04-19_副本.txt
跨类型冲突,力所能及的支持,外交与国际关系名 | 治理名 | 话语名,新字典.txt | 新字典2024-04-19-10-00.txt | 新字典2024-04-19.txt | 新字典2024-04-19_副本.txt
跨类型冲突,加勒比国家,势力名 | 国家名,新字典.txt | 新字典2024-04-19-10-00.txt | 新字典2024-04-19.txt | 新字典2024-04-19_副本.txt
跨类型冲突,加强合作,健康名 | 合作话语名,新字典.txt | 新字典2024-04-19-10-00.txt | 新字典2024-04-19.txt | 新字典2024-04-19_副本.txt
跨类型冲突,加拿大,国家名 | 资源名,新字典.txt | 新字典2024-04-19-10-00.txt | 新字典2024-04-19.txt | 新字典2024-04-19_副本.txt
跨类型冲突,务实合作,健康名 | 合作话语名,新字典.txt | 新字典2024-04-19-10-00.txt | 新字典2024-04-19.txt | 新字典2024-04-19_副本.txt
跨类型冲突,匈牙利,国家名 | 外交与国际关系名,新字典.txt | 新字典2024-04-19-10-00.txt | 新字典2024-04-19.txt | 新字典2024-04-19_副本.txt
跨类型冲突,北京青年报,其他名 | 机构名,ht字典的副本.txt | ht字典的副本2.txt | ht字典.txt
跨类型冲突,北极地区,地名 | 资源名,新字典.txt | 新字典2024-04-19-10-00.txt | 新字典2024-04-19.txt | 新字典2024-04-19_副本.txt
跨类型冲突,区域全面经济伙伴关系协定,协议名 | 文件名,新字典.txt | 新字典2024-04-19-10-00.txt | 新字典2024-04-19.txt | 新字典2024-04-19_副本.txt
跨类型冲突,南南合作,其他名 | 治理名,新字典.txt | 新字典2024-04-19-10-00.txt | 新字典2024-04-19.txt | 新字典2024-04-19_副本.txt
跨类型冲突,历史排放,气候变化名 | 治理名,relatio字典2025-02-19.txt | 新字典.txt | 新字典2024-04-19-10-00.txt | 新字典2024-04-19.txt
跨类型冲突,历史话语体系研究,外交与国际关系名 | 话语名,新字典.txt | 新字典2024-04-19-10-00.txt | 新字典2024-04-19.txt | 新字典2024-04-19_副本.txt
跨类型冲突,历史责任,气候变化名 | 责任名,新字典.txt | 新字典2024-04-19-10-00.txt | 新字典2024-04-19.txt | 新字典2024-04-19_副本.txt
跨类型冲突,友好和深入的磋商,外交与国际关系名 | 话语名,新字典.txt | 新字典2024-04-19-10-00.txt | 新字典2024-04-19.txt | 新字典2024-04-19_副本.txt
跨类型冲突,发展中国家,责任名 | 资源名,新字典.txt | 新字典2024-04-19-10-00.txt | 新字典2024-04-19.txt | 新字典2024-04-19_副本.txt
跨类型冲突,发展利益,应急管理名 | 治理名,新字典.txt | 新字典2024-04-19-10-00.txt | 新字典2024-04-19.txt | 新字典2024-04-19_副本.txt
跨类型冲突,发达国家,责任名 | 资源名,新字典.txt | 新字典2024-04-19-10-00.txt | 新字典2024-04-19.txt | 新字典2024-04-19_副本.txt
跨类型冲突,可再生能源,能源名 | 资源名,新字典.txt | 新字典2024-04-19-10-00.txt | 新字典2024-04-19.txt | 新字典2024-04-19_副本.txt
跨类型冲突,可持续发展,理念名 | 资源名,新字典.txt | 新字典2024-04-19-10-00.txt | 新字典2024-04-19.txt | 新字典2024-04-19_副本.txt
跨类型冲突,各国人民,势力名 | 治理名,新字典.txt | 新字典2024-04-19-10-00.txt | 新字典2024-04-19.txt | 新字典2024-04-19_副本.txt
跨类型冲突,各自能力原则,气候变化名 | 责任话语名,新字典.txt | 新字典2024-04-19-10-00.txt | 新字典2024-04-19.txt | 新字典2024-04-19_副本.txt
跨类型冲突,合作伙伴,其他名 | 合作话语名,新字典.txt | 新字典2024-04-19-10-00.txt | 新字典2024-04-19.txt | 新字典2024-04-19_副本.txt
跨类型冲突,合作共赢,合作话语名 | 治理名,新字典.txt | 新字典2024-04-19-10-00.txt | 新字典2024-04-19.txt | 新字典2024-04-19_副本.txt
跨类型冲突,合作成果,其他名 | 合作话语名,新字典.txt | 新字典2024-04-19-10-00.txt | 新字典2024-04-19.txt | 新字典2024-04-19_副本.txt
跨类型冲突,合作的新时代,外交与国际关系名 | 话语名,新字典.txt | 新字典2024-04-19-10-00.txt | 新字典2024-04-19.txt | 新字典2024-04-19_副本.txt
跨类型冲突,合力应对,其他名 | 合作话语名,新字典.txt | 新字典2024-04-19-10-00.txt | 新字典2024-04-19.txt | 新字典2024-04-19_副本.txt
跨类型冲突,同国际社会一道,合作话语名 | 治理名,relatio字典2025-02-19.txt | 新字典.txt | 新字典2024-04-19-10-00.txt | 新字典2024-04-19.txt
跨类型冲突,后续谈判,外交与国际关系名 | 话语名,新字典.txt | 新字典2024-04-19-10-00.txt | 新字典2024-04-19.txt | 新字典2024-04-19_副本.txt
跨类型冲突,和平共处五项原则,外交与国际关系名 | 治理名,relatio字典2025-02-19.txt | 新字典.txt | 新字典2024-04-19-10-00.txt | 新字典2024-04-19.txt
跨类型冲突,哥斯达黎加,国家名 | 资源名,新字典.txt | 新字典2024-04-19-10-00.txt | 新字典2024-04-19.txt | 新字典2024-04-19_副本.txt
跨类型冲突,固体废物,气候变化名 | 资源名,新字典.txt | 新字典2024-04-19-10-00.txt | 新字典2024-04-19.txt | 新字典2024-04-19_副本.txt
跨类型冲突,国家主权,应急管理名 | 治理名,新字典.txt | 新字典2024-04-19-10-00.txt | 新字典2024-04-19.txt | 新字典2024-04-19_副本.txt
跨类型冲突,国家公园,其他名 | 资源名,新字典.txt | 新字典2024-04-19-10-00.txt | 新字典2024-04-19.txt | 新字典2024-04-19_副本.txt
跨类型冲突,国家利益,外交与国际关系名 | 治理名,新字典.txt | 新字典2024-04-19-10-00.txt | 新字典2024-04-19.txt | 新字典2024-04-19_副本.txt
跨类型冲突,国家意识话语体系构建研究,外交与国际关系名 | 话语名,新字典.txt | 新字典2024-04-19-10-00.txt | 新字典2024-04-19.txt | 新字典2024-04-19_副本.txt
跨类型冲突,国家自主贡献,气候变化名 | 治理名,relatio字典2025-02-19.txt | 新字典.txt | 新字典2024-04-19-10-00.txt | 新字典2024-04-19.txt
跨类型冲突,国有资产监管,责任名 | 责任话语名,新字典.txt | 新字典2024-04-19-10-00.txt | 新字典2024-04-19.txt | 新字典2024-04-19_副本.txt
跨类型冲突,国际义务,责任名 | 责任话语名,新字典.txt | 新字典2024-04-19-10-00.txt | 新字典2024-04-19.txt | 新字典2024-04-19_副本.txt
跨类型冲突,国际体系,外交与国际关系名 | 治理名,新字典.txt | 新字典2024-04-19-10-00.txt | 新字典2024-04-19.txt | 新字典2024-04-19_副本.txt
跨类型冲突,国际体育仲裁话语权,外交与国际关系名 | 话语名,新字典.txt | 新字典2024-04-19-10-00.txt | 新字典2024-04-19.txt | 新字典2024-04-19_副本.txt
跨类型冲突,国际关系,外交与国际关系名 | 治理名,新字典.txt | 新字典2024-04-19-10-00.txt | 新字典2024-04-19.txt | 新字典2024-04-19_副本.txt
跨类型冲突,国际关系准则,外交与国际关系名 | 话语名,新字典.txt | 新字典2024-04-19-10-00.txt | 新字典2024-04-19.txt | 新字典2024-04-19_副本.txt
跨类型冲突,国际合作,健康名 | 合作话语名,新字典.txt | 新字典2024-04-19-10-00.txt | 新字典2024-04-19.txt | 新字典2024-04-19_副本.txt
跨类型冲突,国际学术话语权,外交与国际关系名 | 话语名,新字典.txt | 新字典2024-04-19-10-00.txt | 新字典2024-04-19.txt | 新字典2024-04-19_副本.txt
跨类型冲突,国际形势,其他名 | 外交与国际关系名,新字典.txt | 新字典2024-04-19-10-00.txt | 新字典2024-04-19.txt | 新字典2024-04-19_副本.txt
跨类型冲突,国际条约,协议名 | 文件名,新字典.txt | 新字典2024-04-19-10-00.txt | 新字典2024-04-19.txt | 新字典2024-04-19_副本.txt
跨类型冲突,国际标准,其他名 | 外交与国际关系名,新字典.txt | 新字典2024-04-19-10-00.txt | 新字典2024-04-19.txt | 新字典2024-04-19_副本.txt
跨类型冲突,国际法,外交与国际关系名 | 技术名,新字典.txt | 新字典2024-04-19-10-00.txt | 新字典2024-04-19.txt | 新字典2024-04-19_副本.txt
跨类型冲突,国际社会,势力名 | 治理名,新字典.txt | 新字典2024-04-19-10-00.txt | 新字典2024-04-19.txt | 新字典2024-04-19_副本.txt
跨类型冲突,国际秩序,外交与国际关系名 | 治理名,新字典.txt | 新字典2024-04-19-10-00.txt | 新字典2024-04-19.txt | 新字典2024-04-19_副本.txt
跨类型冲突,国际责任,责任名 | 责任话语名,新字典.txt | 新字典2024-04-19-10-00.txt | 新字典2024-04-19.txt | 新字典2024-04-19_副本.txt
跨类型冲突,地方政府属地监管责任,责任名 | 责任话语名,新字典.txt | 新字典2024-04-19-10-00.txt | 新字典2024-04-19.txt | 新字典2024-04-19_副本.txt
跨类型冲突,坚决反对,外交与国际关系名 | 话语名,新字典.txt | 新字典2024-04-19-10-00.txt | 新字典2024-04-19.txt | 新字典2024-04-19_副本.txt
跨类型冲突,坚守道义,责任名 | 责任话语名,新字典.txt | 新字典2024-04-19-10-00.txt | 新字典2024-04-19.txt | 新字典2024-04-19_副本.txt
跨类型冲突,坚定决心,其他名 | 外交与国际关系名,新字典.txt | 新字典2024-04-19-10-00.txt | 新字典2024-04-19.txt | 新字典2024-04-19_副本.txt
跨类型冲突,坚定承诺,外交与国际关系名 | 话语名,新字典.txt | 新字典2024-04-19-10-00.txt | 新字典2024-04-19.txt | 新字典2024-04-19_副本.txt
跨类型冲突,坚定支持,外交与国际关系名 | 治理名 | 话语名,新字典.txt | 新字典2024-04-19-10-00.txt | 新字典2024-04-19.txt | 新字典2024-04-19_副本.txt
跨类型冲突,坚实基础,外交与国际关系名 | 话语名,新字典.txt | 新字典2024-04-19-10-00.txt | 新字典2024-04-19.txt | 新字典2024-04-19_副本.txt
跨类型冲突,埃塞俄比亚,国家名 | 资源名,新字典.txt | 新字典2024-04-19-10-00.txt | 新字典2024-04-19.txt | 新字典2024-04-19_副本.txt
跨类型冲突,城乡社区,应急管理名 | 治理名,新字典.txt | 新字典2024-04-19-10-00.txt | 新字典2024-04-19.txt | 新字典2024-04-19_副本.txt
跨类型冲突,城乡规划,治理名 | 资源名,新字典.txt | 新字典2024-04-19-10-00.txt | 新字典2024-04-19.txt | 新字典2024-04-19_副本.txt
跨类型冲突,城市社区,公共关系学名 | 其他名,新字典.txt | 新字典2024-04-19-10-00.txt | 新字典2024-04-19.txt | 新字典2024-04-19_副本.txt
跨类型冲突,基础设施,应急管理名 | 治理名 | 资源名,新字典.txt | 新字典2024-04-19-10-00.txt | 新字典2024-04-19.txt | 新字典2024-04-19_副本.txt
跨类型冲突,塞拉利昂,国家名 | 资源名,新字典.txt | 新字典2024-04-19-10-00.txt | 新字典2024-04-19.txt | 新字典2024-04-19_副本.txt
跨类型冲突,塞舌尔,国家名 | 资源名,新字典.txt | 新字典2024-04-19-10-00.txt | 新字典2024-04-19.txt | 新字典2024-04-19_副本.txt
跨类型冲突,墨西哥,国家名 | 资源名,新字典.txt | 新字典2024-04-19-10-00.txt | 新字典2024-04-19.txt | 新字典2024-04-19_副本.txt
跨类型冲突,外交政策,其他名 | 外交与国际关系名,新字典.txt | 新字典2024-04-19-10-00.txt | 新字典2024-04-19.txt | 新字典2024-04-19_副本.txt
跨类型冲突,外交部对此有何回应,其他名 | 记者话语名,新字典.txt | 新字典2024-04-19-10-00.txt | 新字典2024-04-19.txt | 新字典2024-04-19_副本.txt
跨类型冲突,外交部对此有何评论,其他名 | 记者话语名,新字典.txt | 新字典2024-04-19-10-00.txt | 新字典2024-04-19.txt | 新字典2024-04-19_副本.txt
跨类型冲突,多边共识,合作话语名 | 治理名,新字典.txt | 新字典2024-04-19-10-00.txt | 新字典2024-04-19.txt | 新字典2024-04-19_副本.txt
跨类型冲突,多边合作,合作话语名 | 治理名,新字典.txt | 新字典2024-04-19-10-00.txt | 新字典2024-04-19.txt | 新字典2024-04-19_副本.txt
跨类型冲突,大国担当,责任名 | 责任话语名,新字典.txt | 新字典2024-04-19-10-00.txt | 新字典2024-04-19.txt | 新字典2024-04-19_副本.txt
跨类型冲突,太平洋岛国,国家名 | 地名,新字典.txt | 新字典2024-04-19-10-00.txt | 新字典2024-04-19.txt | 新字典2024-04-19_副本.txt
跨类型冲突,太平洋岛国论坛秘书长普那,人名 | 职务名,relatio字典2025-02-19.txt | 新字典.txt | 新字典2024-04-19-10-00.txt | 新字典2024-04-19.txt
跨类型冲突,安全保障,应急管理名 | 治理名,新字典.txt | 新字典2024-04-19-10-00.txt | 新字典2024-04-19.txt | 新字典2024-04-19_副本.txt
跨类型冲突,安全生产,应急管理名 | 治理名,新字典.txt | 新字典2024-04-19-10-00.txt | 新字典2024-04-19.txt | 新字典2024-04-19_副本.txt
跨类型冲突,安全评估报告,应急管理名 | 资源名,新字典.txt | 新字典2024-04-19-10-00.txt | 新字典2024-04-19.txt | 新字典2024-04-19_副本.txt
跨类型冲突,宏观政策连续性,治理名 | 话语名,新字典.txt | 新字典2024-04-19-10-00.txt | 新字典2024-04-19.txt | 新字典2024-04-19_副本.txt
跨类型冲突,密切关注,外交与国际关系名 | 话语名,relatio字典2025-02-19.txt | 新字典.txt | 新字典2024-04-19-10-00.txt | 新字典2024-04-19.txt
跨类型冲突,密切合作,其他名 | 合作话语名,新字典.txt | 新字典2024-04-19-10-00.txt | 新字典2024-04-19.txt | 新字典2024-04-19_副本.txt
跨类型冲突,密集磋商,外交与国际关系名 | 话语名,relatio字典2025-02-19.txt | 新字典.txt | 新字典2024-04-19-10-00.txt | 新字典2024-04-19.txt
跨类型冲突,对子孙后代的责任,责任名 | 责任话语名,新字典.txt | 新字典2024-04-19-10-00.txt | 新字典2024-04-19.txt | 新字典2024-04-19_副本.txt
跨类型冲突,对话磋商,外交与国际关系名 | 话语名,新字典.txt | 新字典2024-04-19-10-00.txt | 新字典2024-04-19.txt | 新字典2024-04-19_副本.txt
跨类型冲突,尊重自然,治理名 | 生态理念名,新字典.txt | 新字典2024-04-19-10-00.txt | 新字典2024-04-19.txt | 新字典2024-04-19_副本.txt
跨类型冲突,尊重自然、顺应自然、保护自然,健康名 | 生态理念名,新字典.txt | 新字典2024-04-19-10-00.txt | 新字典2024-04-19.txt | 新字典2024-04-19_副本.txt
跨类型冲突,小康社会,治理名 | 理念名,新字典.txt | 新字典2024-04-19-10-00.txt | 新字典2024-04-19.txt | 新字典2024-04-19_副本.txt
跨类型冲突,履行义务,责任名 | 责任话语名,新字典.txt | 新字典2024-04-19-10-00.txt | 新字典2024-04-19.txt | 新字典2024-04-19_副本.txt
跨类型冲突,平等磋商,外交与国际关系名 | 话语名,新字典.txt | 新字典2024-04-19-10-00.txt | 新字典2024-04-19.txt | 新字典2024-04-19_副本.txt
跨类型冲突,广泛议题,外交与国际关系名 | 话语名,新字典.txt | 新字典2024-04-19-10-00.txt | 新字典2024-04-19.txt | 新字典2024-04-19_副本.txt
跨类型冲突,庄严承诺,其他名 | 行动话语名,新字典.txt | 新字典2024-04-19-10-00.txt | 新字典2024-04-19.txt | 新字典2024-04-19_副本.txt
跨类型冲突,应尽的责任,责任名 | 责任话语名,新字典.txt | 新字典2024-04-19-10-00.txt | 新字典2024-04-19.txt | 新字典2024-04-19_副本.txt
跨类型冲突,废旧物资循环利用,生态治理名 | 资源名,新字典.txt | 新字典2024-04-19-10-00.txt | 新字典2024-04-19.txt | 新字典2024-04-19_副本.txt
跨类型冲突,廉政建设话语体系,外交与国际关系名 | 话语名,新字典.txt | 新字典2024-04-19-10-00.txt | 新字典2024-04-19.txt | 新字典2024-04-19_副本.txt
跨类型冲突,建设性参与,外交与国际关系名 | 话语名,新字典.txt | 新字典2024-04-19-10-00.txt | 新字典2024-04-19.txt | 新字典2024-04-19_副本.txt
跨类型冲突,建设项目,治理名 | 资源名,新字典.txt | 新字典2024-04-19-10-00.txt | 新字典2024-04-19.txt | 新字典2024-04-19_副本.txt
跨类型冲突,引领作用,外交与国际关系名 | 话语名,新字典.txt | 新字典2024-04-19-10-00.txt | 新字典2024-04-19.txt | 新字典2024-04-19_副本.txt
跨类型冲突,弥合分歧,外交与国际关系名 | 话语名,relatio字典2025-02-19.txt | 新字典.txt | 新字典2024-04-19-10-00.txt | 新字典2024-04-19.txt
跨类型冲突,强大合力,应急管理名 | 治理名,新字典.txt | 新字典2024-04-19-10-00.txt | 新字典2024-04-19.txt | 新字典2024-04-19_副本.txt
跨类型冲突,强烈谴责,外交与国际关系名 | 话语名,新字典.txt | 新字典2024-04-19-10-00.txt | 新字典2024-04-19.txt | 新字典2024-04-19_副本.txt
跨类型冲突,总体战,外交与国际关系名 | 治理名,新字典.txt | 新字典2024-04-19-10-00.txt | 新字典2024-04-19.txt | 新字典2024-04-19_副本.txt
跨类型冲突,总台央视,机构名 | 记者话语名,新字典.txt | 新字典2024-04-19-10-00.txt | 新字典2024-04-19.txt | 新字典2024-04-19_副本.txt
跨类型冲突,意识形态,外交与国际关系名 | 治理名,新字典.txt | 新字典2024-04-19-10-00.txt | 新字典2024-04-19.txt | 新字典2024-04-19_副本.txt
跨类型冲突,技术转让,其他名 | 资源名,新字典.txt | 新字典2024-04-19-10-00.txt | 新字典2024-04-19.txt | 新字典2024-04-19_副本.txt
跨类型冲突,据报道,其他名 | 记者话语名,新字典.txt | 新字典2024-04-19-10-00.txt | 新字典2024-04-19.txt | 新字典2024-04-19_副本.txt
跨类型冲突,携手合作,健康名 | 合作话语名,新字典.txt | 新字典2024-04-19-10-00.txt | 新字典2024-04-19.txt | 新字典2024-04-19_副本.txt
跨类型冲突,政府监管责任,责任名 | 责任话语名,新字典.txt | 新字典2024-04-19-10-00.txt | 新字典2024-04-19.txt | 新字典2024-04-19_副本.txt
跨类型冲突,政治互信,外交与国际关系名 | 治理名,新字典.txt | 新字典2024-04-19-10-00.txt | 新字典2024-04-19.txt | 新字典2024-04-19_副本.txt
跨类型冲突,政治引导,外交与国际关系名 | 话语名,新字典.txt | 新字典2024-04-19-10-00.txt | 新字典2024-04-19.txt | 新字典2024-04-19_副本.txt
跨类型冲突,政治推动力,外交与国际关系名 | 话语名,新字典.txt | 新字典2024-04-19-10-00.txt | 新字典2024-04-19.txt | 新字典2024-04-19_副本.txt
跨类型冲突,新华社,机构名 | 记者话语名,新字典.txt | 新字典2024-04-19-10-00.txt | 新字典2024-04-19.txt | 新字典2024-04-19_副本.txt
跨类型冲突,新发展格局,应急管理名 | 治理名,新字典.txt | 新字典2024-04-19-10-00.txt | 新字典2024-04-19.txt | 新字典2024-04-19_副本.txt
跨类型冲突,新型国际关系,外交与国际关系名 | 治理名,relatio字典2025-02-19.txt | 新字典.txt | 新字典2024-04-19-10-00.txt | 新字典2024-04-19.txt
跨类型冲突,新格局,其他名 | 治理名,新字典.txt | 新字典2024-04-19-10-00.txt | 新字典2024-04-19.txt | 新字典2024-04-19_副本.txt
跨类型冲突,新污染物,气候变化名 | 资源名,新字典.txt | 新字典2024-04-19-10-00.txt | 新字典2024-04-19.txt | 新字典2024-04-19_副本.txt
跨类型冲突,新能源,能源名 | 资源名,新字典2024-04-19-10-00.txt | 新字典2024-04-19.txt | 新字典2024-04-19_副本.txt | 新字典2024-04-29-12-39.txt
跨类型冲突,更多更大的责任,责任名 | 责任话语名,新字典.txt | 新字典2024-04-19-10-00.txt | 新字典2024-04-19.txt | 新字典2024-04-19_副本.txt
跨类型冲突,最广泛的共识,合作话语名 | 气候变化名,新字典.txt | 新字典2024-04-19-10-00.txt | 新字典2024-04-19.txt | 新字典2024-04-19_副本.txt
跨类型冲突,有何期待,其他名 | 记者话语名,新字典.txt | 新字典2024-04-19-10-00.txt | 新字典2024-04-19.txt | 新字典2024-04-19_副本.txt
跨类型冲突,有何评论,其他名 | 记者话语名,relatio字典2025-02-19.txt | 新字典.txt | 新字典2024-04-19-10-00.txt | 新字典2024-04-19.txt
跨类型冲突,有关各方,关系名 | 外交与国际关系名,新字典.txt | 新字典2024-04-19-10-00.txt | 新字典2024-04-19.txt | 新字典2024-04-19_副本.txt
跨类型冲突,有关情况,其他名 | 记者话语名,新字典.txt | 新字典2024-04-19-10-00.txt | 新字典2024-04-19.txt | 新字典2024-04-19_副本.txt
跨类型冲突,有关方面,其他名 | 外交与国际关系名 | 话语名,新字典.txt | 新字典2024-04-19-10-00.txt | 新字典2024-04-19.txt | 新字典2024-04-19_副本.txt
跨类型冲突,有关部门,其他名 | 外交与国际关系名 | 话语名,新字典.txt | 新字典2024-04-19-10-00.txt | 新字典2024-04-19.txt | 新字典2024-04-19_副本.txt
跨类型冲突,有力举措,其他名 | 行动话语名,新字典.txt | 新字典2024-04-19-10-00.txt | 新字典2024-04-19.txt | 新字典2024-04-19_副本.txt
跨类型冲突,有效沟通,外交与国际关系名 | 话语名,新字典.txt | 新字典2024-04-19-10-00.txt | 新字典2024-04-19.txt | 新字典2024-04-19_副本.txt
跨类型冲突,有效落实,行动话语名 | 话语名,新字典.txt | 新字典2024-04-19-10-00.txt | 新字典2024-04-19.txt | 新字典2024-04-19_副本.txt
跨类型冲突,有目共睹的成效,外交与国际关系名 | 话语名,新字典.txt | 新字典2024-04-19-10-00.txt | 新字典2024-04-19.txt | 新字典2024-04-19_副本.txt
跨类型冲突,有责任,责任名 | 责任话语名,新字典.txt | 新字典2024-04-19-10-00.txt | 新字典2024-04-19.txt | 新字典2024-04-19_副本.txt
跨类型冲突,朝鲜半岛,地名 | 外交与国际关系名,新字典.txt | 新字典2024-04-19-10-00.txt | 新字典2024-04-19.txt | 新字典2024-04-19_副本.txt
跨类型冲突,条约义务,责任名 | 责任话语名,relatio字典2025-02-19.txt | 新字典.txt | 新字典2024-04-19-10-00.txt | 新字典2024-04-19.txt
跨类型冲突,极其不负责任,外交与国际关系名 | 责任话语名,新字典.txt | 新字典2024-04-19-10-00.txt | 新字典2024-04-19.txt | 新字典2024-04-19_副本.txt
跨类型冲突,核心利益,其他名 | 外交与国际关系名,新字典.txt | 新字典2024-04-19-10-00.txt | 新字典2024-04-19.txt | 新字典2024-04-19_副本.txt
跨类型冲突,核武器,外交与国际关系名 | 资源名,新字典.txt | 新字典2024-04-19-10-00.txt | 新字典2024-04-19.txt | 新字典2024-04-19_副本.txt
跨类型冲突,核污染水排海问题,气候变化名 | 资源名,relatio字典2025-02-19.txt | 新字典.txt | 新字典2024-04-19-10-00.txt | 新字典2024-04-19.txt
跨类型冲突,案文磋商,外交与国际关系名 | 话语名,新字典.txt | 新字典2024-04-19-10-00.txt | 新字典2024-04-19.txt | 新字典2024-04-19_副本.txt
跨类型冲突,欠发达国家,责任名 | 责任话语名,新字典.txt | 新字典2024-04-19-10-00.txt | 新字典2024-04-19.txt | 新字典2024-04-19_副本.txt
跨类型冲突,残疾人,治理名 | 资源名,新字典.txt | 新字典2024-04-19-10-00.txt | 新字典2024-04-19.txt | 新字典2024-04-19_副本.txt
跨类型冲突,民主话语体系构建研究,外交与国际关系名 | 话语名,新字典.txt | 新字典2024-04-19-10-00.txt | 新字典2024-04-19.txt | 新字典2024-04-19_副本.txt
跨类型冲突,气变责任,责任话语 | 责任话语名,新字典.txt | 新字典2024-04-19-10-00.txt | 新字典2024-04-19.txt | 新字典2024-04-19_副本.txt
跨类型冲突,水土流失,生态治理名 | 资源名,新字典.txt | 新字典2024-04-19-10-00.txt | 新字典2024-04-19.txt | 新字典2024-04-19_副本.txt
跨类型冲突,水资源,生态治理名 | 资源名,新字典.txt | 新字典2024-04-19-10-00.txt | 新字典2024-04-19.txt | 新字典2024-04-19_副本.txt
跨类型冲突,永久基本农田,治理名 | 资源名,新字典.txt | 新字典2024-04-19-10-00.txt | 新字典2024-04-19.txt | 新字典2024-04-19_副本.txt
跨类型冲突,污染治理,气候变化名 | 资源名,新字典.txt | 新字典2024-04-19-10-00.txt | 新字典2024-04-19.txt | 新字典2024-04-19_副本.txt
跨类型冲突,污染物,气候变化名 | 资源名,新字典.txt | 新字典2024-04-19-10-00.txt | 新字典2024-04-19.txt | 新字典2024-04-19_副本.txt
跨类型冲突,汪文斌发言人,人名 | 记者话语名,relatio字典2025-02-19.txt | 新字典.txt | 新字典2024-04-19-10-00.txt | 新字典2024-04-19.txt
跨类型冲突,治理体系,应急管理名 | 治理名,新字典.txt | 新字典2024-04-19-10-00.txt | 新字典2024-04-19.txt | 新字典2024-04-19_副本.txt
跨类型冲突,治理模式,应急管理名 | 治理名,新字典.txt | 新字典2024-04-19-10-00.txt | 新字典2024-04-19.txt | 新字典2024-04-19_副本.txt
跨类型冲突,津巴布韦,国家名 | 资源名,新字典.txt | 新字典2024-04-19-10-00.txt | 新字典2024-04-19.txt | 新字典2024-04-19_副本.txt
跨类型冲突,海洋垃圾,治理名 | 资源名,新字典.txt | 新字典2024-04-19-10-00.txt | 新字典2024-04-19.txt | 新字典2024-04-19_副本.txt
跨类型冲突,海洋强国,治理名 | 资源名,新字典.txt | 新字典2024-04-19-10-00.txt | 新字典2024-04-19.txt | 新字典2024-04-19_副本.txt
跨类型冲突,海洋生态环境,生态名 | 资源名,新字典.txt | 新字典2024-04-19-10-00.txt | 新字典2024-04-19.txt | 新字典2024-04-19_副本.txt
跨类型冲突,海洋生态系统,生态名 | 资源名,新字典.txt | 新字典2024-04-19-10-00.txt | 新字典2024-04-19.txt | 新字典2024-04-19_副本.txt
跨类型冲突,海洋经济,治理名 | 资源名,新字典.txt | 新字典2024-04-19-10-00.txt | 新字典2024-04-19.txt | 新字典2024-04-19_副本.txt
跨类型冲突,消耗强度,生态治理名 | 资源名,新字典.txt | 新字典2024-04-19-10-00.txt | 新字典2024-04-19.txt | 新字典2024-04-19_副本.txt
跨类型冲突,涉外领域监管规则,责任名 | 责任话语名,新字典.txt | 新字典2024-04-19-10-00.txt | 新字典2024-04-19.txt | 新字典2024-04-19_副本.txt
跨类型冲突,温室效应,气候变化名 | 资源名,新字典.txt | 新字典2024-04-19-10-00.txt | 新字典2024-04-19.txt | 新字典2024-04-19_副本.txt
跨类型冲突,温室气体,气候变化名 | 资源名,新字典.txt | 新字典2024-04-19-10-00.txt | 新字典2024-04-19.txt | 新字典2024-04-19_副本.txt
跨类型冲突,湄公河国家,国家名 | 生态名,新字典.txt | 新字典2024-04-19-10-00.txt | 新字典2024-04-19.txt | 新字典2024-04-19_副本.txt
跨类型冲突,湄公河委员会,气候变化名 | 生态名,新字典.txt | 新字典2024-04-19-10-00.txt | 新字典2024-04-19.txt | 新字典2024-04-19_副本.txt
跨类型冲突,澜湄合作,治理名 | 生态名,relatio字典2025-02-19.txt | 新字典.txt | 新字典2024-04-19-10-00.txt | 新字典2024-04-19.txt
跨类型冲突,澳大利亚,国家名 | 外交与国际关系名,新字典.txt | 新字典2024-04-19-10-00.txt | 新字典2024-04-19.txt | 新字典2024-04-19_副本.txt
跨类型冲突,牙买加,国家名 | 资源名,新字典.txt | 新字典2024-04-19-10-00.txt | 新字典2024-04-19.txt | 新字典2024-04-19_副本.txt
跨类型冲突,环境责任,责任话语名 | 资源名,新字典.txt | 新字典2024-04-19-10-00.txt | 新字典2024-04-19.txt | 新字典2024-04-19_副本.txt
跨类型冲突,生态产品,生态治理名 | 资源名,新字典.txt | 新字典2024-04-19-10-00.txt | 新字典2024-04-19.txt | 新字典2024-04-19_副本.txt
跨类型冲突,生态保护,生态名 | 资源名,新字典.txt | 新字典2024-04-19-10-00.txt | 新字典2024-04-19.txt | 新字典2024-04-19_副本.txt
跨类型冲突,生态保护红线,治理名 | 资源名,新字典.txt | 新字典2024-04-19-10-00.txt | 新字典2024-04-19.txt | 新字典2024-04-19_副本.txt
跨类型冲突,生态文明建设,治理名 | 生态理念名,新字典.txt | 新字典2024-04-19-10-00.txt | 新字典2024-04-19.txt | 新字典2024-04-19_副本.txt
跨类型冲突,生活方式,治理名 | 资源名,新字典.txt | 新字典2024-04-19-10-00.txt | 新字典2024-04-19.txt | 新字典2024-04-19_副本.txt
跨类型冲突,生物多样性公约,协议名 | 文件名,relatio字典2025-02-19.txt | 新字典.txt | 新字典2024-04-19-10-00.txt | 新字典2024-04-19.txt
跨类型冲突,生物安全,应急管理名 | 资源名,新字典.txt | 新字典2024-04-19-10-00.txt | 新字典2024-04-19.txt | 新字典2024-04-19_副本.txt
跨类型冲突,生物安全管理,应急管理名 | 资源名,新字典.txt | 新字典2024-04-19-10-00.txt | 新字典2024-04-19.txt | 新字典2024-04-19_副本.txt
跨类型冲突,生物技术,其他名 | 资源名,新字典.txt | 新字典2024-04-19-10-00.txt | 新字典2024-04-19.txt | 新字典2024-04-19_副本.txt
跨类型冲突,监督责任,其他名 | 责任话语名,新字典.txt | 新字典2024-04-19-10-00.txt | 新字典2024-04-19.txt | 新字典2024-04-19_副本.txt
跨类型冲突,监管效能,责任名 | 责任话语名,新字典.txt | 新字典2024-04-19-10-00.txt | 新字典2024-04-19.txt | 新字典2024-04-19_副本.txt
跨类型冲突,监管缺位,责任名 | 责任话语名,新字典.txt | 新字典2024-04-19-10-00.txt | 新字典2024-04-19.txt | 新字典2024-04-19_副本.txt
跨类型冲突,盲目发展,气候变化名 | 治理名,新字典.txt | 新字典2024-04-19-10-00.txt | 新字典2024-04-19.txt | 新字典2024-04-19_副本.txt
跨类型冲突,相互尊重,其他名 | 合作话语名,新字典.txt | 新字典2024-04-19-10-00.txt | 新字典2024-04-19.txt | 新字典2024-04-19_副本.txt
跨类型冲突,相关义务,责任名 | 责任话语名,新字典.txt | 新字典2024-04-19-10-00.txt | 新字典2024-04-19.txt | 新字典2024-04-19_副本.txt
跨类型冲突,相关情况,记者话语名 | 话语名,新字典.txt | 新字典2024-04-19-10-00.txt | 新字典2024-04-19.txt | 新字典2024-04-19_副本.txt
跨类型冲突,相关部门监管责任,责任名 | 责任话语名,新字典.txt | 新字典2024-04-19-10-00.txt | 新字典2024-04-19.txt | 新字典2024-04-19_副本.txt
跨类型冲突,碳中和,气候变化名 | 治理名,relatio字典2025-02-19.txt | 新字典.txt | 新字典2024-04-19-10-00.txt | 新字典2024-04-19.txt
跨类型冲突,碳强度,气候变化名 | 治理名,新字典.txt | 新字典2024-04-19-10-00.txt | 新字典2024-04-19.txt | 新字典2024-04-19_副本.txt
跨类型冲突,碳边境调节措施,气候变化名 | 治理名,新字典.txt | 新字典2024-04-19-10-00.txt | 新字典2024-04-19.txt | 新字典2024-04-19_副本.txt
跨类型冲突,碳达峰,气候变化名 | 治理名,relatio字典2025-02-19.txt | 新字典.txt | 新字典2024-04-19-10-00.txt | 新字典2024-04-19.txt
跨类型冲突,社会主义意识形态理论话语,外交与国际关系名 | 话语名,新字典.txt | 新字典2024-04-19-10-00.txt | 新字典2024-04-19.txt | 新字典2024-04-19_副本.txt
跨类型冲突,社会保障体系,应急管理名 | 治理名,新字典.txt | 新字典2024-04-19-10-00.txt | 新字典2024-04-19.txt | 新字典2024-04-19_副本.txt
跨类型冲突,社会救助,应急管理名 | 治理名,新字典.txt | 新字典2024-04-19-10-00.txt | 新字典2024-04-19.txt | 新字典2024-04-19_副本.txt
跨类型冲突,社会治安防控体系,应急管理名 | 治理名,新字典.txt | 新字典2024-04-19-10-00.txt | 新字典2024-04-19.txt | 新字典2024-04-19_副本.txt
跨类型冲突,社会治理,应急管理名 | 治理名,新字典.txt | 新字典2024-04-19-10-00.txt | 新字典2024-04-19.txt | 新字典2024-04-19_副本.txt
跨类型冲突,社会稳定,应急管理名 | 治理名,新字典.txt | 新字典2024-04-19-10-00.txt | 新字典2024-04-19.txt | 新字典2024-04-19_副本.txt
跨类型冲突,福岛核电站,机构名 | 资源名,新字典.txt | 新字典2024-04-19-10-00.txt | 新字典2024-04-19.txt | 新字典2024-04-19_副本.txt
跨类型冲突,科学治污,生态理念名 | 资源名,新字典.txt | 新字典2024-04-19-10-00.txt | 新字典2024-04-19.txt | 新字典2024-04-19_副本.txt
跨类型冲突,科技支撑,其他名 | 治理名,新字典.txt | 新字典2024-04-19-10-00.txt | 新字典2024-04-19.txt | 新字典2024-04-19_副本.txt
跨类型冲突,科技攻关,其他名 | 治理名,新字典.txt | 新字典2024-04-19-10-00.txt | 新字典2024-04-19.txt | 新字典2024-04-19_副本.txt
跨类型冲突,科研自主权,势力名 | 治理名,新字典.txt | 新字典2024-04-19-10-00.txt | 新字典2024-04-19.txt | 新字典2024-04-19_副本.txt
跨类型冲突,积极信号,外交与国际关系名 | 话语名,新字典.txt | 新字典2024-04-19-10-00.txt | 新字典2024-04-19.txt | 新字典2024-04-19_副本.txt
跨类型冲突,积极共识,合作话语名 | 话语名,新字典.txt | 新字典2024-04-19-10-00.txt | 新字典2024-04-19.txt | 新字典2024-04-19_副本.txt
跨类型冲突,积极务实,行动话语名 | 话语名,新字典.txt | 新字典2024-04-19-10-00.txt | 新字典2024-04-19.txt | 新字典2024-04-19_副本.txt
跨类型冲突,积极参与,合作话语名 | 话语名,ht字典.txt | ht字典0611.txt
跨类型冲突,积极建设性态度,责任名 | 责任话语名,新字典.txt | 新字典2024-04-19-10-00.txt | 新字典2024-04-19.txt | 新字典2024-04-19_副本.txt
跨类型冲突,积极沟通,外交与国际关系名 | 话语名,新字典.txt | 新字典2024-04-19-10-00.txt | 新字典2024-04-19.txt | 新字典2024-04-19_副本.txt
跨类型冲突,积极落实,行动话语名 | 话语名,新字典.txt | 新字典2024-04-19-10-00.txt | 新字典2024-04-19.txt | 新字典2024-04-19_副本.txt
跨类型冲突,空间格局,治理名 | 生态名,新字典.txt | 新字典2024-04-19-10-00.txt | 新字典2024-04-19.txt | 新字典2024-04-19_副本.txt
跨类型冲突,立体化监管体系,责任名 | 责任话语名,新字典.txt | 新字典2024-04-19-10-00.txt | 新字典2024-04-19.txt | 新字典2024-04-19_副本.txt
跨类型冲突,管控分歧,外交与国际关系名 | 话语名,新字典.txt | 新字典2024-04-19-10-00.txt | 新字典2024-04-19.txt | 新字典2024-04-19_副本.txt
跨类型冲突,管理责任,其他名 | 责任话语名,新字典.txt | 新字典2024-04-19-10-00.txt | 新字典2024-04-19.txt | 新字典2024-04-19_副本.txt
跨类型冲突,粮食安全,应急管理名 | 治理名,新字典.txt | 新字典2024-04-19-10-00.txt | 新字典2024-04-19.txt | 新字典2024-04-19_副本.txt
跨类型冲突,精准治污,生态理念名 | 资源名,新字典.txt | 新字典2024-04-19-10-00.txt | 新字典2024-04-19.txt | 新字典2024-04-19_副本.txt
跨类型冲突,经济发展,治理名 | 资源名,新字典.txt | 新字典2024-04-19-10-00.txt | 新字典2024-04-19.txt | 新字典2024-04-19_副本.txt
跨类型冲突,继续加强,行动话语名 | 话语名,新字典.txt | 新字典2024-04-19-10-00.txt | 新字典2024-04-19.txt | 新字典2024-04-19_副本.txt
跨类型冲突,维护世界和平,外交与国际关系名 | 理念名,新字典.txt | 新字典2024-04-19-10-00.txt | 新字典2024-04-19.txt | 新字典2024-04-19_副本.txt
跨类型冲突,维护国家主权,治理名 | 理念名,新字典.txt | 新字典2024-04-19-10-00.txt | 新字典2024-04-19.txt | 新字典2024-04-19_副本.txt
跨类型冲突,综合国力,外交与国际关系名 | 治理名,新字典.txt | 新字典2024-04-19-10-00.txt | 新字典2024-04-19.txt | 新字典2024-04-19_副本.txt
跨类型冲突,绿色、低碳、可持续发展,气候变化名 | 生态理念名,relatio字典2025-02-19.txt | 新字典.txt | 新字典2024-04-19-10-00.txt | 新字典2024-04-19.txt
跨类型冲突,绿色丝绸之路,治理名 | 资源名,新字典.txt | 新字典2024-04-19-10-00.txt | 新字典2024-04-19.txt | 新字典2024-04-19_副本.txt
跨类型冲突,绿色低碳,气候变化名 | 生态理念名,relatio字典2025-02-19.txt | 新字典.txt | 新字典2024-04-19-10-00.txt | 新字典2024-04-19.txt
跨类型冲突,绿色发展,治理名 | 生态理念名,新字典.txt | 新字典2024-04-19-10-00.txt | 新字典2024-04-19.txt | 新字典2024-04-19_副本.txt
跨类型冲突,绿色可持续发展道路,治理名 | 资源名,新字典.txt | 新字典2024-04-19-10-00.txt | 新字典2024-04-19.txt | 新字典2024-04-19_副本.txt
跨类型冲突,绿色基建,治理名 | 资源名,新字典.txt | 新字典2024-04-19-10-00.txt | 新字典2024-04-19.txt | 新字典2024-04-19_副本.txt
跨类型冲突,绿色复苏,治理名 | 资源名,新字典.txt | 新字典2024-04-19-10-00.txt | 新字典2024-04-19.txt | 新字典2024-04-19_副本.txt
跨类型冲突,绿色技术,治理名 | 资源名,新字典.txt | 新字典2024-04-19-10-00.txt | 新字典2024-04-19.txt | 新字典2024-04-19_副本.txt
跨类型冲突,绿色投资,治理名 | 资源名,新字典.txt | 新字典2024-04-19-10-00.txt | 新字典2024-04-19.txt | 新字典2024-04-19_副本.txt
跨类型冲突,绿色环保,治理名 | 资源名,新字典.txt | 新字典2024-04-19-10-00.txt | 新字典2024-04-19.txt | 新字典2024-04-19_副本.txt
跨类型冲突,绿色贸易话语体系范式,外交与国际关系名 | 话语名,新字典.txt | 新字典2024-04-19-10-00.txt | 新字典2024-04-19.txt | 新字典2024-04-19_副本.txt
跨类型冲突,绿色金融,气候变化名 | 资源名,新字典.txt | 新字典2024-04-19-10-00.txt | 新字典2024-04-19.txt | 新字典2024-04-19_副本.txt
跨类型冲突,美国国务院,外交与国际关系名 | 机构名,新字典.txt | 新字典2024-04-19-10-00.txt | 新字典2024-04-19.txt | 新字典2024-04-19_副本.txt
跨类型冲突,美国损害全球环境治理报告,协议名 | 文件名,新字典.txt | 新字典2024-04-19-10-00.txt | 新字典2024-04-19.txt | 新字典2024-04-19_副本.txt
跨类型冲突,美国损害环境事实清单,协议名 | 文件名,新字典.txt | 新字典2024-04-19-10-00.txt | 新字典2024-04-19.txt | 新字典2024-04-19_副本.txt
跨类型冲突,美好家园,新资源名 | 治理名,新字典.txt | 新字典2024-04-19-10-00.txt | 新字典2024-04-19.txt | 新字典2024-04-19_副本.txt
跨类型冲突,美好生活,其他名 | 理念名,新字典.txt | 新字典2024-04-19-10-00.txt | 新字典2024-04-19.txt | 新字典2024-04-19_副本.txt
跨类型冲突,群落生境,生态名 | 资源名,新字典.txt | 新字典2024-04-19-10-00.txt | 新字典2024-04-19.txt | 新字典2024-04-19_副本.txt
跨类型冲突,耕地红线,应急管理名 | 治理名,新字典.txt | 新字典2024-04-19-10-00.txt | 新字典2024-04-19.txt | 新字典2024-04-19_副本.txt
跨类型冲突,联合国,机构名 | 资源名,ht字典的副本.txt | ht字典的副本2.txt | ht字典.txt
跨类型冲突,联合国2030年可持续发展议程,协议名 | 文件名,relatio字典2025-02-19.txt | 新字典.txt | 新字典2024-04-19-10-00.txt | 新字典2024-04-19.txt
跨类型冲突,联合国大会,会议名 | 机构名,relatio字典2025-02-19.txt | 新字典.txt | 新字典2024-04-19-10-00.txt | 新字典2024-04-19.txt
跨类型冲突,联合国安理会,外交与国际关系名 | 机构名,新字典.txt | 新字典2024-04-19-10-00.txt | 新字典2024-04-19.txt | 新字典2024-04-19_副本.txt
跨类型冲突,联大一般性辩论,会议名 | 治理名,relatio字典2025-02-19.txt | 新字典.txt | 新字典2024-04-19-10-00.txt | 新字典2024-04-19.txt
跨类型冲突,背信弃义,责任名 | 责任话语名,新字典.txt | 新字典2024-04-19-10-00.txt | 新字典2024-04-19.txt | 新字典2024-04-19_副本.txt
跨类型冲突,能源安全,其他名 | 应急管理名,新字典.txt | 新字典2024-04-19-10-00.txt | 新字典2024-04-19.txt | 新字典2024-04-19_副本.txt
跨类型冲突,能源生产,能源名 | 资源名,新字典.txt | 新字典2024-04-19-10-00.txt | 新字典2024-04-19.txt | 新字典2024-04-19_副本.txt
跨类型冲突,脱贫攻坚,治理名 | 资源名,新字典.txt | 新字典2024-04-19-10-00.txt | 新字典2024-04-19.txt | 新字典2024-04-19_副本.txt
跨类型冲突,自由贸易,其他名 | 外交与国际关系名,新字典.txt | 新字典2024-04-19-10-00.txt | 新字典2024-04-19.txt | 新字典2024-04-19_副本.txt
跨类型冲突,自觉担当,责任名 | 责任话语名,新字典.txt | 新字典2024-04-19-10-00.txt | 新字典2024-04-19.txt | 新字典2024-04-19_副本.txt
跨类型冲突,艰巨责任,其他名 | 责任话语名,新字典.txt | 新字典2024-04-19-10-00.txt | 新字典2024-04-19.txt | 新字典2024-04-19_副本.txt
跨类型冲突,节约优先,生态理念名 | 资源名,新字典.txt | 新字典2024-04-19-10-00.txt | 新字典2024-04-19.txt | 新字典2024-04-19_副本.txt
跨类型冲突,菲律宾,国家名 | 外交与国际关系名,新字典.txt | 新字典2024-04-19-10-00.txt | 新字典2024-04-19.txt | 新字典2024-04-19_副本.txt
跨类型冲突,蓝天保卫战,生态理念名 | 资源名,新字典.txt | 新字典2024-04-19-10-00.txt | 新字典2024-04-19.txt | 新字典2024-04-19_副本.txt
跨类型冲突,行为规律,公共关系学名 | 其他名,新字典.txt | 新字典2024-04-19-10-00.txt | 新字典2024-04-19.txt | 新字典2024-04-19_副本.txt
跨类型冲突,行动力度,治理名 | 行动话语名,新字典.txt | 新字典2024-04-19-10-00.txt | 新字典2024-04-19.txt | 新字典2024-04-19_副本.txt
跨类型冲突,规划期,规划名 | 资源名,新字典.txt | 新字典2024-04-19-10-00.txt | 新字典2024-04-19.txt | 新字典2024-04-19_副本.txt
跨类型冲突,话语体系,外交与国际关系名 | 话语名,新字典.txt | 新字典2024-04-19-10-00.txt | 新字典2024-04-19.txt | 新字典2024-04-19_副本.txt
跨类型冲突,话语体系建构研究,外交与国际关系名 | 话语名,新字典.txt | 新字典2024-04-19-10-00.txt | 新字典2024-04-19.txt | 新字典2024-04-19_副本.txt
跨类型冲突,话语体系建设,外交与国际关系名 | 话语名,新字典.txt | 新字典2024-04-19-10-00.txt | 新字典2024-04-19.txt | 新字典2024-04-19_副本.txt
跨类型冲突,话语体系建设研究,外交与国际关系名 | 话语名,新字典.txt | 新字典2024-04-19-10-00.txt | 新字典2024-04-19.txt | 新字典2024-04-19_副本.txt
跨类型冲突,话语体系研究,外交与国际关系名 | 话语名,新字典.txt | 新字典2024-04-19-10-00.txt | 新字典2024-04-19.txt | 新字典2024-04-19_副本.txt
跨类型冲突,话语权构建问题研究,外交与国际关系名 | 话语名,新字典.txt | 新字典2024-04-19-10-00.txt | 新字典2024-04-19.txt | 新字典2024-04-19_副本.txt
跨类型冲突,负责任,责任名 | 责任话语名,新字典.txt | 新字典2024-04-19-10-00.txt | 新字典2024-04-19.txt | 新字典2024-04-19_副本.txt
跨类型冲突,负责任的发展中大国,责任名 | 责任话语名,relatio字典2025-02-19.txt | 新字典.txt | 新字典2024-04-19-10-00.txt | 新字典2024-04-19.txt
跨类型冲突,负责的态度,责任名 | 责任话语名,relatio字典2025-02-19.txt | 新字典.txt | 新字典2024-04-19-10-00.txt | 新字典2024-04-19.txt
跨类型冲突,责任原则,责任名 | 责任话语名,新字典.txt | 新字典2024-04-19-10-00.txt | 新字典2024-04-19.txt | 新字典2024-04-19_副本.txt
跨类型冲突,责任态度,责任名 | 责任话语名,新字典.txt | 新字典2024-04-19-10-00.txt | 新字典2024-04-19.txt | 新字典2024-04-19_副本.txt
跨类型冲突,责任意识,责任名 | 责任话语名,新字典.txt | 新字典2024-04-19-10-00.txt | 新字典2024-04-19.txt | 新字典2024-04-19_副本.txt
跨类型冲突,责任感,责任名 | 责任话语名,新字典.txt | 新字典2024-04-19-10-00.txt | 新字典2024-04-19.txt | 新字典2024-04-19_副本.txt
跨类型冲突,责任统一,责任名 | 责任话语名,新字典.txt | 新字典2024-04-19-10-00.txt | 新字典2024-04-19.txt | 新字典2024-04-19_副本.txt
跨类型冲突,贫困国家债务偿付倡议,协议名 | 文件名,新字典.txt | 新字典2024-04-19-10-00.txt | 新字典2024-04-19.txt | 新字典2024-04-19_副本.txt
跨类型冲突,践行,其他名 | 行动话语名,新字典.txt | 新字典2024-04-19-10-00.txt | 新字典2024-04-19.txt | 新字典2024-04-19_副本.txt
跨类型冲突,达成协议,其他名 | 外交与国际关系名,新字典.txt | 新字典2024-04-19-10-00.txt | 新字典2024-04-19.txt | 新字典2024-04-19_副本.txt
跨类型冲突,进一步介绍,其他名 | 记者话语名,新字典.txt | 新字典2024-04-19-10-00.txt | 新字典2024-04-19.txt | 新字典2024-04-19_副本.txt
跨类型冲突,逃避自身责任,责任名 | 责任话语名,relatio字典2025-02-19.txt | 新字典.txt | 新字典2024-04-19-10-00.txt | 新字典2024-04-19.txt
跨类型冲突,重大主场外交活动,外交与国际关系名 | 话语名,新字典.txt | 新字典2024-04-19-10-00.txt | 新字典2024-04-19.txt | 新字典2024-04-19_副本.txt
跨类型冲突,重污染天气,应急管理名 | 资源名,新字典.txt | 新字典2024-04-19-10-00.txt | 新字典2024-04-19.txt | 新字典2024-04-19_副本.txt
跨类型冲突,重要农产品,应急管理名 | 治理名,新字典.txt | 新字典2024-04-19-10-00.txt | 新字典2024-04-19.txt | 新字典2024-04-19_副本.txt
跨类型冲突,重要的责任,责任名 | 责任话语名,relatio字典2025-02-19.txt | 新字典.txt | 新字典2024-04-19-10-00.txt | 新字典2024-04-19.txt
跨类型冲突,重要讲话,其他名 | 外交与国际关系名,新字典.txt | 新字典2024-04-19-10-00.txt | 新字典2024-04-19.txt | 新字典2024-04-19_副本.txt
跨类型冲突,阶段性,其他名 | 资源名,新字典.txt | 新字典2024-04-19-10-00.txt | 新字典2024-04-19.txt | 新字典2024-04-19_副本.txt
跨类型冲突,阿根廷,国家名 | 资源名,新字典.txt | 新字典2024-04-19-10-00.txt | 新字典2024-04-19.txt | 新字典2024-04-19_副本.txt
跨类型冲突,集中统一领导,应急管理名 | 治理名,新字典.txt | 新字典2024-04-19-10-00.txt | 新字典2024-04-19.txt | 新字典2024-04-19_副本.txt
跨类型冲突,集体林权,治理名 | 资源名,新字典.txt | 新字典2024-04-19-10-00.txt | 新字典2024-04-19.txt | 新字典2024-04-19_副本.txt
跨类型冲突,霸凌,其他名 | 外交与国际关系名,relatio字典2025-02-19.txt | 新字典.txt | 新字典2024-04-19-10-00.txt | 新字典2024-04-19.txt
跨类型冲突,非洲国家,势力名 | 外交与国际关系名,新字典.txt | 新字典2024-04-19-10-00.txt | 新字典2024-04-19.txt | 新字典2024-04-19_副本.txt
跨类型冲突,领土完整,外交与国际关系名 | 省名,新字典.txt | 新字典2024-04-19-10-00.txt | 新字典2024-04-19.txt | 新字典2024-04-19_副本.txt
跨类型冲突,领导体制,公共关系学名 | 治理名,新字典.txt | 新字典2024-04-19-10-00.txt | 新字典2024-04-19.txt | 新字典2024-04-19_副本.txt
跨类型冲突,领导作用,治理名 | 资源名,新字典.txt | 新字典2024-04-19-10-00.txt | 新字典2024-04-19.txt | 新字典2024-04-19_副本.txt
跨类型冲突,领导干部,应急管理名 | 治理名,新字典.txt | 新字典2024-04-19-10-00.txt | 新字典2024-04-19.txt | 新字典2024-04-19_副本.txt
跨类型冲突,高度关注,其他名 | 外交与国际关系名,新字典.txt | 新字典2024-04-19-10-00.txt | 新字典2024-04-19.txt | 新字典2024-04-19_副本.txt
跨类型冲突,高度重视,其他名 | 外交与国际关系名 | 话语名,relatio字典2025-02-19.txt | 新字典.txt | 新字典2024-04-19-10-00.txt | 新字典2024-04-19.txt
别称多归属,“共同但有区别的责任”原则,共同但有区别的责任 | 共同但有区别的责任原则,
别称多归属,《公约》,《联合国气候变化框架公约》 | 联合国气候变化框架公约,
别称多归属,《气候变化公约》,《联合国气候变化框架公约》 | 联合国气候变化框架公约,
别称多归属,中国—中东欧国家林业合作高级别会议,中国—中东欧国家合作机制 | 中国—中东欧国家林业合作协调机制,
别称多归属,习近平主席特别代表、国务委员兼外交部长王毅,王毅国务委员兼外交部长 | 王毅部长,
别称多归属,习近平生态文明思想,生态文明 | 生态文明思想,
别称多归属,五常,联合国五常 | 联合国安理会常任理事国,
别称多归属,伊姆兰·汗,伊姆兰•汗 | 巴基斯坦总理伊姆兰·汗,
别称多归属,保护环境,环境保护 | 生态环境保护,
别称多归属,克里,气候特使约翰·克里 | 约翰克里 | 美国总统气候问题特使克里,
别称多归属,克里特使,气候特使约翰·克里 | 美国总统气候问题特使克里,
别称多归属,共同但有区别的责任和各自能力原则,共同但有区别的责任 | 共同但有区别的责任原则,
别称多归属,减少温室气体排放,减排 | 减缓气候变化,
别称多归属,国务委员兼外交部长王毅,王毅国务委员兼外交部长 | 王毅部长,
别称多归属,实现碳中和,碳中和 | 碳中和目标,
别称多归属,总统气候特使,气候特使 | 美国总统气候问题特使,
别称多归属,推动《巴黎协定》的达成和生效,推动《巴黎协定》 | 推动《巴黎协定》达成和生效,
别称多归属,文在寅,文在寅总统 | 韩国总统文在寅,
别称多归属,日本福岛核废水,福岛核事故污染废水 | 福岛核废水,
别称多归属,气候视频峰会,中法德领导人气候视频峰会 | 气候雄心峰会,
别称多归属,气候问题特使,气候特使 | 美国总统气候问题特使,
别称多归属,温室气体减排问题,减排 | 减缓气候变化,
别称多归属,王毅,王毅国务委员兼外交部长 | 王毅部长,
别称多归属,王毅国务委员,王毅国务委员兼外交部长 | 王毅部长,
别称多归属,王毅部长,王毅 | 王毅国务委员兼外交部长,
别称多归属,生态文明思想,习近平生态文明思想 | 生态文明,
别称多归属,碳中和目标,碳中和 | 碳达峰、碳中和愿景目标,
别称多归属,约翰克里,气候特使约翰·克里 | 美国总统气候问题特使克里,
别称多归属,美国总统拜登,拜登 | 拜登总统,
别称多归属,美国总统气候变化特使,气候特使 | 美国总统气候问题特使,
别称多归属,美国总统气候特使,气候特使 | 美国总统气候问题特使,
别称多归属,美国总统气候问题特使约翰·克里,气候特使约翰·克里 | 美国总统气候问题特使克里,
别称多归属,联合国气候峰会,联合国气候会议 | 联合国气候行动峰会,
别称多归属,节能减排,减排 | 减缓气候变化,
别称多归属,议定书,《京都议定书》 | 京都议定书,
别称多归属,达到峰值目标,碳中和目标 | 碳达峰,
别称多归属,马克龙总统,法国总统马克龙 | 马克龙,
