文件,sha256前12,语义哈希,实体行,唯一实体,唯一称谓,类型数,类型污染,自重复
/Users/moongoat/Documents/writing/字典/relatio字典2025-02-19.txt,e0d13971d7f6,7d9566eb934a19ee,426,426,1125,28,0,0
/Users/moongoat/Documents/writing/字典/新字典.txt,8491b2dc2818,6207d52c9975666a,7806,7806,8464,33,33,0
/Users/moongoat/Documents/writing/字典/新字典2024-04-19-10-00.txt,e9155c4224e4,b81fbe1672d4c35a,8374,8374,9061,35,35,0
/Users/moongoat/Documents/writing/字典/新字典2024-04-19.txt,532c9e26c550,b81fbe1672d4c35a,8374,8374,9061,35,35,0
/Users/moongoat/Documents/writing/字典/新字典2024-04-19_副本.txt,532c9e26c550,b81fbe1672d4c35a,8374,8374,9061,35,35,0
/Users/moongoat/Documents/writing/字典/新字典2024-04-29-12-39.txt,e9155c4224e4,b81fbe1672d4c35a,8374,8374,9061,35,35,0
/Users/moongoat/Documents/writing/字典/新字典2024-04-29-12-49.txt,9e416a6cbed7,b81fbe1672d4c35a,8374,8374,9061,35,35,0
/Users/moongoat/Documents/writing/字典/新字典2024-05-10-22-16.txt,e1ee33aadf2e,b81fbe1672d4c35a,8374,8374,9061,35,35,0
/Users/moongoat/Documents/writing/字典/新字典2024-05-10-23-49.txt,9840ebeb77c0,b81fbe1672d4c35a,8374,8374,9061,35,35,0
/Users/moongoat/Documents/writing/字典/新字典2024-05-11-18-28.txt,17e68d3455bd,b81fbe1672d4c35a,8374,8374,9061,35,35,0
/Users/moongoat/Documents/writing/字典/新字典2024-07-06-21-49.txt,da751320e3c3,b81fbe1672d4c35a,8374,8374,9061,35,35,0
/Users/moongoat/Documents/writing/字典/新字典2024-07-06-22-03.txt,9d3f74346867,b81fbe1672d4c35a,8374,8374,9061,35,35,0
/Users/moongoat/Documents/writing/字典/新字典2024-07-08-21-06.txt,60c849913656,b81fbe1672d4c35a,8374,8374,9061,35,35,0
/Users/moongoat/Documents/writing/字典/新字典2024-07-09-20-03.txt,60b66d8287ea,b81fbe1672d4c35a,8374,8374,9061,35,35,0
/Users/moongoat/Documents/writing/字典/新字典2024-07-09-20-04.txt,60b66d8287ea,b81fbe1672d4c35a,8374,8374,9061,35,35,0
/Users/moongoat/Documents/writing/字典/新字典2024-07-09-20-05.txt,60b66d8287ea,b81fbe1672d4c35a,8374,8374,9061,35,35,0
/Users/moongoat/Documents/writing/字典/新字典2024-11-01.txt,8ab3b5b3f345,2c47df5d1d70a3d3,8376,8375,9065,35,35,0
/Users/moongoat/Documents/writing/字典/新字典2024-11-02.txt,b50d1986e97e,59c219b0d36078cb,8385,8385,9072,34,34,0
/Users/moongoat/Documents/writing/字典/测试字典.txt,1c2061ebd696,feff0c1420a0daa4,4,4,6,2,1,0
/Users/moongoat/Library/CloudStorage/OneDrive-个人/Python tool/字典/ht字典的副本.txt,23372dc5eee8,28597b4c670596e8,3243,3243,3511,27,27,0
/Users/moongoat/Library/CloudStorage/OneDrive-个人/Python tool/字典/ht字典的副本2.txt,48914e143af0,28597b4c670596e8,3243,3243,3511,27,27,0
/Users/moongoat/Library/CloudStorage/OneDrive-个人/Python tool/字典/应急管理字典.txt,6dff7732d1a6,9d3e9df741b5f7a5,356,356,356,1,1,0
/Users/moongoat/Library/CloudStorage/OneDrive-个人/Python tool/字典2/ht字典.txt,d9ee81484795,f3cf78f54aa3ee09,6476,6476,6737,31,28,0
/Users/moongoat/Library/CloudStorage/OneDrive-个人/Python tool/字典2/ht字典0611.txt,a84601dbcad3,8e41ce7766900233,7280,7280,7822,35,34,0
/Users/moongoat/Downloads/应急管理ht字典.txt,683ba5a6c32f,892d274a1da05e27,367,367,369,1,1,0
